Workbook

Sheet 인쇄방법

Sheet 입력Tab
A1: GFC 정보 | F1: 재무현황 | O1: CEO보장정기 제안
A2: 지점 | B2: 특화법인 | F2: 단위 | G2: 자산 | H2: 토지 + 건물 | I2: 부채 | J2: 당기순이익 | K2: 주식수 | L2: 액면가 | M2: 배당금액 | O2: 피보험자 성함 | Q2: 조영재
A3: 이름 | B3: 최현복 | G3: 백만 | H3: 백만 | I3: 백만 | J3: 백만 | K3: 주 | L3: 원 | M3: (억) | O3: 피보험자 연령 | Q3: 42
A4: 연락처 | B4: 010-3220-8823 | F4: 20년 | O4: 보장금액 | Q4: 3
F5: 21년 | G5: 11476 | H5: =2603+2256 -> 4859 | I5: 1725 | J5: 1244 | O5: 월 보험료(원) | Q5: 20000000
A6: 업체 정보 | F6: 22년 | G6: 13205 | H6: =7316+2291 -> 9607 | I6: 1534 | J6: 1920 | O6: 체증율 | Q6: 0.1
A7: 업체명 | B7: 해광요업 | F7: 23년 | G7: 14117 | H7: =7351+2430 -> 9781 | I7: 570 | J7: 1876 | O7: 납입기간 | Q7: =90-Q3 -> 48
A8: 조사선택 | B8: 을 | F8: 24년 | G8: 15181 | H8: =H7*D15+H7 -> 10074.43 | I8: 570 | J8: 1876 | K8: 50000 | L8: 5000 | O8: 경과年 | P8: 환급률 | Q8: 사망보장
A9: 대표자명 | B9: 조영재 | F9: 25년 | G9: =G8+J9+H8*$D$15+I8*$D$16 -> 17432.613 | H9: =H8+H8*$D$15 -> 10376.663 | I9: =I8+I8*$D$16 -> 587.1 | J9: =J8+J8*$D$14 -> 1932.28 | M9: 3 | O9: 1년 | P9: 0.005 | Q9: =Q4 -> 3 | R9: 환급금은 가설을 발행해서 입력해 주세요
A10: 법인세율 | B10: 0.209 | F10: 26년 | G10: =G9+J10+H9*$D$15+I9*$D$16 -> 19751.774 | H10: =H9+H9*$D$15 -> 10687.963 | I10: =I9+I9*$D$16 -> 604.713 | J10: =J9+J9*$D$14 -> 1990.2484 | M10: =M9 -> 3 | O10: 2년 | P10: 0.15 | Q10: =Q9 -> 3
A11: 상속세율 | B11: 0.5 | F11: 27년 | G11: =G10+J11+H10*$D$15+I10*$D$16 -> 22140.51 | H11: =H10+H10*$D$15 -> 11008.602 | I11: =I10+I10*$D$16 -> 622.85439 | J11: =J10+J10*$D$14 -> 2049.9559 | M11: =M10 -> 3 | O11: 3년 | P11: 0.25 | Q11: =Q10 -> 3
F12: 28년 | G12: =G11+J12+H11*$D$15+I11*$D$16 -> 24600.909 | H12: =H11+H11*$D$15 -> 11338.86 | I12: =I11+I11*$D$16 -> 641.54002 | J12: =J11+J11*$D$14 -> 2111.4545 | M12: =M11 -> 3 | O12: 4년 | P12: 0.35 | Q12: =Q11 -> 3
F13: 29년 | G13: =G12+J13+H12*$D$15+I12*$D$16 -> 27135.119 | H13: =H12+H12*$D$15 -> 11679.026 | I13: =I12+I12*$D$16 -> 660.78622 | J13: =J12+J12*$D$14 -> 2174.7982 | M13: =M12 -> 3 | O13: 5년 | P13: 0.7 | Q13: =Q12 -> 3
A14: 24년 이후 당기순이익 증가율 | D14: 0.03 | F14: 30년 | G14: =G13+J14+H13*$D$15+I13*$D$16 -> 29745.355 | H14: =H13+H13*$D$15 -> 12029.396 | I14: =I13+I13*$D$16 -> 680.60981 | J14: =J13+J13*$D$14 -> 2240.0421 | M14: =M13 -> 3 | O14: 6년 | P14: 0.75 | Q14: =Q13 -> 3
A15: 24년 이후 부동산자산 증가율 | D15: 0.03 | F15: 31년 | G15: =G14+J15+H14*$D$15+I14*$D$16 -> 32433.899 | H15: =H14+H14*$D$15 -> 12390.278 | I15: =I14+I14*$D$16 -> 701.0281 | J15: =J14+J14*$D$14 -> 2307.2434 | M15: =M14 -> 3 | O15: 7년 | P15: 0.8 | Q15: =Q14 -> 3
A16: 24년 이후 부채 증가율 | D16: 0.03 | F16: 32년 | G16: =G15+J16+H15*$D$15+I15*$D$16 -> 35203.099 | H16: =H15+H15*$D$15 -> 12761.987 | I16: =I15+I15*$D$16 -> 722.05895 | J16: =J15+J15*$D$14 -> 2376.4607 | M16: =M15 -> 3 | O16: 8년 | P16: 0.75 | Q16: =Q15 -> 3
F17: 33년 | G17: =G16+J17+H16*$D$15+I16*$D$16 -> 38055.374 | H17: =H16+H16*$D$15 -> 13144.846 | I17: =I16+I16*$D$16 -> 743.72071 | J17: =J16+J16*$D$14 -> 2447.7545 | M17: =M16 -> 3 | O17: 9년 | P17: 0.87 | Q17: =Q16 -> 3
F18: 34년 | G18: =G17+J18+H17*$D$15+I17*$D$16 -> 40993.219 | H18: =H17+H17*$D$15 -> 13539.191 | I18: =I17+I17*$D$16 -> 766.03234 | J18: =J17+J17*$D$14 -> 2521.1871 | M18: =M17 -> 3 | O18: 10년 | P18: 0.88 | Q18: =Q17 -> 3
F19: 35년 | G19: =G18+J19+H18*$D$15+I18*$D$16 -> 44019.198 | H19: =H18+H18*$D$15 -> 13945.367 | I19: =I18+I18*$D$16 -> 789.01331 | J19: =J18+J18*$D$14 -> 2596.8227 | M19: =M18 -> 3 | O19: 15년 | P19: 0.87 | Q19: =($Q$4*0.1)*5+$Q$4 -> 4.5
O20: 20년 | P20: 0.87 | Q20: =($Q$4*0.1)*5+Q19 -> 6
O21: 25년 | P21: 0.87 | Q21: =($Q$4*0.1)*5+Q20 -> 7.5
O22: 30년 | P22: 0.87 | Q22: =($Q$4*0.1)*5+Q21 -> 9
F23: 노란색 부분만 입력, 배당금액은 배당 실행할 경우에만 '억'단위로 입력 25년 배당금액을 입력하면 이후는 같은 금액으로 계속 배당 가정 | O23: 35년 | P23: 0.87 | Q23: =($Q$4*0.1)*5+Q22 -> 10.5
O24: 90세 | P24: 0 | Q24: =IF(Q7<40,(Q4+(($Q$4*0.1)*(Q4-10))),Q4*4) -> 12

Sheet 표지
C9: 효율적 가업승계를 위한 준비,
C10: =입력Tab!B7&입력Tab!B8&" 위한 기업가치 제고 전략" -> 해광요업을 위한 기업가치 제고 전략
O23: Group Financial Consultant
O25: =입력Tab!B2&" "&입력Tab!B3&" " -> 특화법인 최현복
O26: ="("&입력Tab!B4&")"&" " -> (010-3220-8823)

Sheet 신문기사1
A2: 고령 인구 비율이 늘어나는 만큼 복지에 대한 부담도 커지고, 그 부담은 세금으로 충당할 수 밖에 없습니다.
T7: 20대이하 | U7: 8.7
T8: 30대 | U8: -34.1
T9: 40대 | U9: -43.3
T10: 50대 | U10: 33.6
T11: 60대이상 | U11: 162.9
A34: ※ 본 자료는 고객님의 이해를 돕기 위해 만든 자료로 상품의 세부 내용은 상품설명서를 참고 하시고, 주식 가치 평가는 세무 전문가를 통해 상담하십시요.

Sheet 신문기사2
A2: 줄어든 법인세를 늘리기 위해서, 감면 혜택 축소 등을 통한 조세 전략으로 방향이 이동하고 있습니다.
G14: 금감원 보도자료 삽입
A34: ※ 본 자료는 고객님의 이해를 돕기 위해 만든 자료로 상품의 세부 내용은 상품설명서를 참고 하시고, 주식 가치 평가는 세무 전문가를 통해 상담하십시요.

Sheet 신문기사3
A2: 줄어든 법인세를 늘리기 위해서, 감면 혜택 축소 등을 통한 조세 전략으로 방향이 이동하고 있습니다.
A34: ※ 본 자료는 고객님의 이해를 돕기 위해 만든 자료로 상품의 세부 내용은 상품설명서를 참고 하시고, 주식 가치 평가는 세무 전문가를 통해 상담하십시요.

Sheet 세금이야기
A2: 대표님이 자산을 만드시고 불리시고, 자녀분들께 이전하는 그 어느 한 순간도 세금으로부터 자유로울 수 없습니다.
A34: ※ 본 자료는 고객님의 이해를 돕기 위해 만든 자료로 상품의 세부 내용은 상품설명서를 참고 하시고, 주식 가치 평가는 세무 전문가를 통해 상담하십시요.

Sheet 법인의선택
A2: 대표님이 보유하신 법인 주식에 대한 사전 준비 없이는, 결국 많은 세금에 노출될 수 밖에 없습니다.
A34: ※ 본 자료는 고객님의 이해를 돕기 위해 만든 자료로 상품의 세부 내용은 상품설명서를 참고 하시고, 주식 가치 평가는 세무 전문가를 통해 상담하십시요.

Sheet 주식가치평가
A2: 순자산 가치와 순손익 가치에 모두 영향을 끼치는 이익잉여금의 관리는 무엇보다 중요합니다. | R2: 구분 | S2: 자산(백만) | U2: 부동산 자산(백만) | W2: 부채(백만) | Y2: 당기순이익(백만) | AA2: 순자산 가치(백만) | AC2: 순손익 가치(백만) | AE2: 주식가치(백만) | AG2: 주당 가치(원)
R3: 20년 | S3: =입력Tab!G4 -> 0 | U3: =입력Tab!H4 -> 0 | W3: =입력Tab!I4 -> 0 | Y3: =입력Tab!J4 -> 0 | AA3: =S3-W3 -> 0
R4: 21년 | S4: =입력Tab!G5 -> 11476 | U4: =입력Tab!H5 -> 4859 | W4: =입력Tab!I5 -> 1725 | Y4: =입력Tab!J5 -> 1244 | AA4: =S4-W4 -> 9751
R5: 22년 | S5: =입력Tab!G6 -> 13205 | U5: =입력Tab!H6 -> 9607 | W5: =입력Tab!I6 -> 1534 | Y5: =입력Tab!J6 -> 1920 | AA5: =S5-W5 -> 11671 | AC5: =(Y5*3+Y4*2+Y3*1)/6/0.1 -> 13746.667 | AE5: =IF(U5/S5>=0.8,AA5,IF(U5/S5>=0.5,MAX(AA5*0.8,(AC5*2+AA5*3)/5),MAX(AA5*0.8,(AC5*3+AA5*2)/5))) -> 12501.267 | AG5: =AE5*1000000/입력Tab!$K$8 -> 250025.33
R6: 23년 | S6: =입력Tab!G7 -> 14117 | U6: =입력Tab!H7 -> 9781 | W6: =입력Tab!I7 -> 570 | Y6: =입력Tab!J7 -> 1876 | AA6: =S6-W6 -> 13547 | AC6: =(Y6*3+Y5*2+Y4*1)/6/0.1 -> 17853.333 | AE6: =IF(U6/S6>=0.8,AA6,IF(U6/S6>=0.5,MAX(AA6*0.8,(AC6*2+AA6*3)/5),MAX(AA6*0.8,(AC6*3+AA6*2)/5))) -> 15269.533 | AG6: =AE6*1000000/입력Tab!$K$8 -> 305390.67
R7: 24년 | S7: =입력Tab!G8 -> 15181 | U7: =입력Tab!H8 -> 10074.43 | W7: =입력Tab!I8 -> 570 | Y7: =입력Tab!J8 -> 1876 | AA7: =S7-W7 -> 14611 | AC7: =(Y7*3+Y6*2+Y5*1)/6/0.1 -> 18833.333 | AE7: =IF(U7/S7>=0.8,AA7,IF(U7/S7>=0.5,MAX(AA7*0.8,(AC7*2+AA7*3)/5),MAX(AA7*0.8,(AC7*3+AA7*2)/5))) -> 16299.933 | AG7: =AE7*1000000/입력Tab!$K$8 -> 325998.67
R8: 25년 | S8: =S7+U7*입력Tab!$D$15+주식가치평가!Y8+W7*입력Tab!$D$16 -> 17432.613 | U8: =U7+U7*입력Tab!$D$15 -> 10376.663 | W8: =W7+W7*입력Tab!$D$16 -> 587.1 | Y8: =Y7+Y7*입력Tab!$D$14 -> 1932.28 | AA8: =S8-W8 -> 16845.513 | AC8: =(Y8*3+Y7*2+Y6*1)/6/0.1 -> 19041.4 | AE8: =IF(U8/S8>=0.8,AA8,IF(U8/S8>=0.5,MAX(AA8*0.8,(AC8*2+AA8*3)/5),MAX(AA8*0.8,(AC8*3+AA8*2)/5))) -> 17723.868 | AG8: =AE8*1000000/입력Tab!$K$8 -> 354477.35
R9: 26년 | S9: =S8+U8*입력Tab!$D$15+주식가치평가!Y9+W8*입력Tab!$D$16 -> 19751.774 | U9: =U8+U8*입력Tab!$D$15 -> 10687.963 | W9: =W8+W8*입력Tab!$D$16 -> 604.713 | Y9: =Y8+Y8*입력Tab!$D$14 -> 1990.2484 | AA9: =S9-W9 -> 19147.061 | AC9: =(Y9*3+Y8*2+Y7*1)/6/0.1 -> 19518.842 | AE9: =IF(U9/S9>=0.8,AA9,IF(U9/S9>=0.5,MAX(AA9*0.8,(AC9*2+AA9*3)/5),MAX(AA9*0.8,(AC9*3+AA9*2)/5))) -> 19295.774 | AG9: =AE9*1000000/입력Tab!$K$8 -> 385915.47
R10: 27년 | S10: =S9+U9*입력Tab!$D$15+주식가치평가!Y10+W9*입력Tab!$D$16 -> 22140.51 | U10: =U9+U9*입력Tab!$D$15 -> 11008.602 | W10: =W9+W9*입력Tab!$D$16 -> 622.85439 | Y10: =Y9+Y9*입력Tab!$D$14 -> 2049.9559 | AA10: =S10-W10 -> 21517.656 | AC10: =(Y10*3+Y9*2+Y8*1)/6/0.1 -> 20104.407 | AE10: =IF(U10/S10>=0.8,AA10,IF(U10/S10>=0.5,MAX(AA10*0.8,(AC10*2+AA10*3)/5),MAX(AA10*0.8,(AC10*3+AA10*2)/5))) -> 20669.707 | AG10: =AE10*1000000/입력Tab!$K$8 -> 413394.13
R11: 28년 | S11: =S10+U10*입력Tab!$D$15+주식가치평가!Y11+W10*입력Tab!$D$16 -> 24600.909 | U11: =U10+U10*입력Tab!$D$15 -> 11338.86 | W11: =W10+W10*입력Tab!$D$16 -> 641.54002 | Y11: =Y10+Y10*입력Tab!$D$14 -> 2111.4545 | AA11: =S11-W11 -> 23959.369 | AC11: =(Y11*3+Y10*2+Y9*1)/6/0.1 -> 20707.539 | AE11: =IF(U11/S11>=0.8,AA11,IF(U11/S11>=0.5,MAX(AA11*0.8,(AC11*2+AA11*3)/5),MAX(AA11*0.8,(AC11*3+AA11*2)/5))) -> 22008.271 | AG11: =AE11*1000000/입력Tab!$K$8 -> 440165.42
R12: 29년 | S12: =S11+U11*입력Tab!$D$15+주식가치평가!Y12+W11*입력Tab!$D$16 -> 27135.119 | U12: =U11+U11*입력Tab!$D$15 -> 11679.026 | W12: =W11+W11*입력Tab!$D$16 -> 660.78622 | Y12: =Y11+Y11*입력Tab!$D$14 -> 2174.7982 | AA12: =S12-W12 -> 26474.332 | AC12: =(Y12*3+Y11*2+Y10*1)/6/0.1 -> 21328.766 | AE12: =IF(U12/S12>=0.8,AA12,IF(U12/S12>=0.5,MAX(AA12*0.8,(AC12*2+AA12*3)/5),MAX(AA12*0.8,(AC12*3+AA12*2)/5))) -> 23386.992 | AG12: =AE12*1000000/입력Tab!$K$8 -> 467739.85
R13: 30년 | S13: =S12+U12*입력Tab!$D$15+주식가치평가!Y13+W12*입력Tab!$D$16 -> 29745.355 | U13: =U12+U12*입력Tab!$D$15 -> 12029.396 | W13: =W12+W12*입력Tab!$D$16 -> 680.60981 | Y13: =Y12+Y12*입력Tab!$D$14 -> 2240.0421 | AA13: =S13-W13 -> 29064.745 | AC13: =(Y13*3+Y12*2+Y11*1)/6/0.1 -> 21968.629 | AE13: =IF(U13/S13>=0.8,AA13,IF(U13/S13>=0.5,MAX(AA13*0.8,(AC13*2+AA13*3)/5),MAX(AA13*0.8,(AC13*3+AA13*2)/5))) -> 24807.075 | AG13: =AE13*1000000/입력Tab!$K$8 -> 496141.51
R14: 31년 | S14: =S13+U13*입력Tab!$D$15+주식가치평가!Y14+W13*입력Tab!$D$16 -> 32433.899 | U14: =U13+U13*입력Tab!$D$15 -> 12390.278 | W14: =W13+W13*입력Tab!$D$16 -> 701.0281 | Y14: =Y13+Y13*입력Tab!$D$14 -> 2307.2434 | AA14: =S14-W14 -> 31732.871 | AC14: =(Y14*3+Y13*2+Y12*1)/6/0.1 -> 22627.687 | AE14: =IF(U14/S14>=0.8,AA14,IF(U14/S14>=0.5,MAX(AA14*0.8,(AC14*2+AA14*3)/5),MAX(AA14*0.8,(AC14*3+AA14*2)/5))) -> 26269.761 | AG14: =AE14*1000000/입력Tab!$K$8 -> 525395.21
R15: 32년 | S15: =S14+U14*입력Tab!$D$15+주식가치평가!Y15+W14*입력Tab!$D$16 -> 35203.099 | U15: =U14+U14*입력Tab!$D$15 -> 12761.987 | W15: =W14+W14*입력Tab!$D$16 -> 722.05895 | Y15: =Y14+Y14*입력Tab!$D$14 -> 2376.4607 | AA15: =S15-W15 -> 34481.04 | AC15: =(Y15*3+Y14*2+Y13*1)/6/0.1 -> 23306.518 | AE15: =IF(U15/S15>=0.8,AA15,IF(U15/S15>=0.5,MAX(AA15*0.8,(AC15*2+AA15*3)/5),MAX(AA15*0.8,(AC15*3+AA15*2)/5))) -> 27776.327 | AG15: =AE15*1000000/입력Tab!$K$8 -> 555526.53
R16: 33년 | S16: =S15+U15*입력Tab!$D$15+주식가치평가!Y16+W15*입력Tab!$D$16 -> 38055.374 | U16: =U15+U15*입력Tab!$D$15 -> 13144.846 | W16: =W15+W15*입력Tab!$D$16 -> 743.72071 | Y16: =Y15+Y15*입력Tab!$D$14 -> 2447.7545 | AA16: =S16-W16 -> 37311.654 | AC16: =(Y16*3+Y15*2+Y14*1)/6/0.1 -> 24005.714 | AE16: =IF(U16/S16>=0.8,AA16,IF(U16/S16>=0.5,MAX(AA16*0.8,(AC16*2+AA16*3)/5),MAX(AA16*0.8,(AC16*3+AA16*2)/5))) -> 29849.323 | AG16: =AE16*1000000/입력Tab!$K$8 -> 596986.46
R17: 34년 | S17: =S16+U16*입력Tab!$D$15+주식가치평가!Y17+W16*입력Tab!$D$16 -> 40993.219 | U17: =U16+U16*입력Tab!$D$15 -> 13539.191 | W17: =W16+W16*입력Tab!$D$16 -> 766.03234 | Y17: =Y16+Y16*입력Tab!$D$14 -> 2521.1871 | AA17: =S17-W17 -> 40227.186 | AC17: =(Y17*3+Y16*2+Y15*1)/6/0.1 -> 24725.885 | AE17: =IF(U17/S17>=0.8,AA17,IF(U17/S17>=0.5,MAX(AA17*0.8,(AC17*2+AA17*3)/5),MAX(AA17*0.8,(AC17*3+AA17*2)/5))) -> 32181.749 | AG17: =AE17*1000000/입력Tab!$K$8 -> 643634.98
R18: 35년 | S18: =S17+U17*입력Tab!$D$15+주식가치평가!Y18+W17*입력Tab!$D$16 -> 44019.198 | U18: =U17+U17*입력Tab!$D$15 -> 13945.367 | W18: =W17+W17*입력Tab!$D$16 -> 789.01331 | Y18: =Y17+Y17*입력Tab!$D$14 -> 2596.8227 | AA18: =S18-W18 -> 43230.185 | AC18: =(Y18*3+Y17*2+Y16*1)/6/0.1 -> 25467.662 | AE18: =IF(U18/S18>=0.8,AA18,IF(U18/S18>=0.5,MAX(AA18*0.8,(AC18*2+AA18*3)/5),MAX(AA18*0.8,(AC18*3+AA18*2)/5))) -> 34584.148 | AG18: =AE18*1000000/입력Tab!$K$8 -> 691682.96
R19: 36년 | S19: =S18+U18*입력Tab!$D$15+주식가치평가!Y19+W18*입력Tab!$D$16 -> 47135.957 | U19: =U18+U18*입력Tab!$D$15 -> 14363.728 | W19: =W18+W18*입력Tab!$D$16 -> 812.68371 | Y19: =Y18+Y18*입력Tab!$D$14 -> 2674.7274 | AA19: =S19-W19 -> 46323.273 | AC19: =(Y19*3+Y18*2+Y17*1)/6/0.1 -> 26231.691 | AE19: =IF(U19/S19>=0.8,AA19,IF(U19/S19>=0.5,MAX(AA19*0.8,(AC19*2+AA19*3)/5),MAX(AA19*0.8,(AC19*3+AA19*2)/5))) -> 37058.619 | AG19: =AE19*1000000/입력Tab!$K$8 -> 741172.37
... R34: 51년 | S34: =S33+U33*입력Tab!$D$15+주식가치평가!Y34+W33*입력Tab!$D$16 -> 106843.34 | U34: =U33+U33*입력Tab!$D$15 -> 22378.221 | W34: =W33+W33*입력Tab!$D$16 -> 1266.1347 | Y34: =Y33+Y33*입력Tab!$D$14 -> 4167.1382 | AA34: =S34-W34 -> 105577.2 | AC34: =(Y34*3+Y33*2+Y32*1)/6/0.1 -> 40868.121 | AE34: =IF(U34/S34>=0.8,AA34,IF(U34/S34>=0.5,MAX(AA34*0.8,(AC34*2+AA34*3)/5),MAX(AA34*0.8,(AC34*3+AA34*2)/5))) -> 84461.761 | AG34: =AE34*1000000/입력Tab!$K$8 -> 1689235.2
A35: ※ 본 자료는 고객님의 이해를 돕기 위해 만든 자료로 상품의 세부 내용은 상품설명서를 참고 하시고, 주식 가치 평가는 세무 전문가를 통해 상담하십시요. | R35: 52년 | S35: =S34+U34*입력Tab!$D$15+주식가치평가!Y35+W34*입력Tab!$D$16 -> 111844.82 | U35: =U34+U34*입력Tab!$D$15 -> 23049.567 | W35: =W34+W34*입력Tab!$D$16 -> 1304.1188 | Y35: =Y34+Y34*입력Tab!$D$14 -> 4292.1523 | AA35: =S35-W35 -> 110540.7 | AC35: =(Y35*3+Y34*2+Y33*1)/6/0.1 -> 42094.164 | AE35: =IF(U35/S35>=0.8,AA35,IF(U35/S35>=0.5,MAX(AA35*0.8,(AC35*2+AA35*3)/5),MAX(AA35*0.8,(AC35*3+AA35*2)/5))) -> 88432.56 | AG35: =AE35*1000000/입력Tab!$K$8 -> 1768651.2

Sheet 경정컨셉
A2: 많은 기업들이 CEO보장정기를 가입해 이익잉여금 관리에 나서고 있습니다.
A35: ※ 본 자료는 고객님의 이해를 돕기 위해 만든 자료로 상품의 세부 내용은 상품설명서를 참고 하시고, 주식 가치 평가는 세무 전문가를 통해 상담하십시요.

Sheet 주식가치변동
A2: 3년 전부터 손익 관리를 하셨다고 가정하면, 아래와 같은 효과가 가능합니다.
R4: 법인세율 | S4: =입력Tab!B10 -> 0.209
R5: 부동산비율 | S5: =입력Tab!H8/입력Tab!G8 -> 0.66362097
R7: 당기순이익
R8: 前 | S8: 後 | T8: 차
Q9: 22년 | R9: =주식가치평가!Y4 -> 1244 | S9: =R9-입력Tab!$Q$5/1000000*12 -> 1004 | T9: =S9-R9 -> -240
Q10: 23년 | R10: =주식가치평가!Y5 -> 1920 | S10: =R10-입력Tab!$Q$5/1000000*12 -> 1680 | T10: =S10-R10 -> -240
Q11: 24년 | R11: =주식가치평가!Y6 -> 1876 | S11: =R11-입력Tab!$Q$5/1000000*12 -> 1636 | T11: =S11-R11 -> -240
Q12: 차
R14: 순손익 가치
R15: 前 | S15: 後
Q16: 19년
Q17: 20년 | R17: 前 | S17: 後
Q18: 21년 | R18: =(R9*1+R10*2+R11*3)/6/0.1 -> 17853.333 | S18: =(S9*1+S10*2+S11*3)/6/0.1 -> 15453.333
Q19: 차 | S19: =S18-R18 -> -2400
R21: 순자산가치
R22: 前 | S22: 後
Q23: 19년 | R23: =주식가치평가!AA4 -> 9751
Q24: 20년 | R24: =주식가치평가!AA5 -> 11671
R25: 前 | S25: 後
Q26: 21년 | R26: =주식가치평가!AA6 -> 13547 | S26: =R26-입력Tab!Q5/1000000*12*3 -> 12827
Q27: 차 | S27: =R26-S26 -> 720
R29: 주식가치
R30: 前 | S30: 後
Q31: 19년
Q32: 20년 | R32: 前 | S32: 後
Q33: 21년 | R33: =IF($S$5>=80%,R26,IF($S$5>=50%,MAX(R26*0.8,(R18*2+R26*3)/5),MAX(R26*0.8,(R18*3+R26*2)/5))) -> 15269.533 | S33: =IF($S$5>=80%,S26,IF($S$5>=50%,MAX(S26*0.8,(S18*2+S26*3)/5),MAX(S26*0.8,(S18*3+S26*2)/5))) -> 13877.533 | T33: 상속세감소
A34: ※ 본 자료는 고객님의 이해를 돕기 위해 만든 자료로 상품의 세부 내용은 상품설명서를 참고 하시고, 주식 가치 평가는 세무 전문가를 통해 상담하십시요. | Q34: 차 | S34: =R33-S33 -> 1392 | T34: =S34*입력Tab!B11 -> 696

Sheet 환급금
R1: 실손익률 | S1: 환급률 | T1: 법인세율 | U1: 사망보험금
Q2: 1년 | R2: =S2+T2 -> 0.214 | S2: =입력Tab!P9 -> 0.005 | T2: =입력Tab!$B$10 -> 0.209 | U2: =입력Tab!Q9 -> 3
Q3: 2년 | R3: =S3+T3 -> 0.359 | S3: =입력Tab!P10 -> 0.15 | T3: =입력Tab!$B$10 -> 0.209 | U3: =입력Tab!Q10 -> 3
Q4: 3년 | R4: =S4+T4 -> 0.459 | S4: =입력Tab!P11 -> 0.25 | T4: =입력Tab!$B$10 -> 0.209 | U4: =입력Tab!Q11 -> 3
Q5: 4년 | R5: =S5+T5 -> 0.559 | S5: =입력Tab!P12 -> 0.35 | T5: =입력Tab!$B$10 -> 0.209 | U5: =입력Tab!Q12 -> 3
Q6: 5년 | R6: =S6+T6 -> 0.909 | S6: =입력Tab!P13 -> 0.7 | T6: =입력Tab!$B$10 -> 0.209 | U6: =입력Tab!Q13 -> 3
Q7: 6년 | R7: =S7+T7 -> 0.959 | S7: =입력Tab!P14 -> 0.75 | T7: =입력Tab!$B$10 -> 0.209 | U7: =입력Tab!Q14 -> 3
Q8: 7년 | R8: =S8+T8 -> 1.009 | S8: =입력Tab!P15 -> 0.8 | T8: =입력Tab!$B$10 -> 0.209 | U8: =입력Tab!Q15 -> 3
Q9: 8년 | R9: =S9+T9 -> 0.959 | S9: =입력Tab!P16 -> 0.75 | T9: =입력Tab!$B$10 -> 0.209 | U9: =입력Tab!Q16 -> 3
Q10: 9년 | R10: =S10+T10 -> 1.079 | S10: =입력Tab!P17 -> 0.87 | T10: =입력Tab!$B$10 -> 0.209 | U10: =입력Tab!Q17 -> 3
Q11: 10년 | R11: =S11+T11 -> 1.089 | S11: =입력Tab!P18 -> 0.88 | T11: =입력Tab!$B$10 -> 0.209 | U11: =입력Tab!Q18 -> 3
Q12: 15년 | R12: =S12+T12 -> 1.079 | S12: =입력Tab!P19 -> 0.87 | T12: =입력Tab!$B$10 -> 0.209 | U12: =입력Tab!Q19 -> 4.5
Q13: 20년 | R13: =S13+T13 -> 1.079 | S13: =입력Tab!P20 -> 0.87 | T13: =입력Tab!$B$10 -> 0.209 | U13: =입력Tab!Q20 -> 6
... Q17: 90세 | R17: =S17+T17 -> 0.209 | S17: =입력Tab!P24 -> 0 | T17: =입력Tab!$B$10 -> 0.209 | U17: =입력Tab!Q24 -> 12
A34: ※ 본 자료는 고객님의 이해를 돕기 위해 만든 자료로 상품의 세부 내용은 상품설명서를 참고 하시고, 주식 가치 평가는 세무 전문가를 통해 상담하십시요.

Sheet 총괄
S1: 구분 | T1: 자산(백만) | V1: 부동산 자산(백만) | X1: 부채(백만) | Z1: 배당(억) | AA1: 당기순이익(백만) | AC1: 순자산 가치(백만) | AE1: 순손익 가치(백만) | AG1: 주식가치(백만) | AI1: 주당 가치(원)
A2: CEO보장정기를 도입하시면 법인세 과세이연 효과와 더불어, 가업 승계를 위한 능동적인 전략을 수립하실 수 있습니다. | S2: 20년 | T2: =주식가치평가!S3 -> 0 | V2: =주식가치평가!U3 -> 0 | X2: =주식가치평가!W3 -> 0 | AA2: =주식가치평가!Y3 -> 0 | AC2: =T2-X2 -> 0
S3: 21년 | T3: =주식가치평가!S4 -> 11476 | V3: =주식가치평가!U4 -> 4859 | X3: =주식가치평가!W4 -> 1725 | AA3: =주식가치평가!Y4 -> 1244 | AC3: =T3-X3 -> 9751
B4: [CEO보장정기 제안 내용] | S4: 22년 | T4: =주식가치평가!S5 -> 13205 | V4: =주식가치평가!U5 -> 9607 | X4: =주식가치평가!W5 -> 1534 | AA4: =주식가치평가!Y5 -> 1920 | AC4: =T4-X4 -> 11671 | AE4: =(AA4*3+AA3*2+AA2*1)/6/0.1 -> 13746.667 | AG4: =IF(V4/T4>=0.8,AC4,IF(V4/T4>=0.5,MAX(AC4*0.8,(AE4*2+AC4*3)/5),MAX(AC4*0.8,(AE4*3+AC4*2)/5))) -> 12501.267 | AI4: =AG4*1000000/입력Tab!$K$8 -> 250025.33
B5: 계약자 | E5: 피보험자 | G5: 피보험자 나이 | I5: 보장금액 | L5: 월 보험료 | N5: 납입기간 | S5: 23년 | T5: =주식가치평가!S6 -> 14117 | V5: =주식가치평가!U6 -> 9781 | X5: =주식가치평가!W6 -> 570 | AA5: =주식가치평가!Y6 -> 1876 | AC5: =T5-X5 -> 13547 | AE5: =(AA5*3+AA4*2+AA3*1)/6/0.1 -> 17853.333 | AG5: =IF(V5/T5>=0.8,AC5,IF(V5/T5>=0.5,MAX(AC5*0.8,(AE5*2+AC5*3)/5),MAX(AC5*0.8,(AE5*3+AC5*2)/5))) -> 15269.533 | AI5: =AG5*1000000/입력Tab!$K$8 -> 305390.67
B6: =입력Tab!B7 -> 해광요업 | E6: =입력Tab!Q2 -> 조영재 | G6: =입력Tab!Q3 -> 42 | I6: =입력Tab!Q4 -> 3 | L6: =입력Tab!Q5 -> 20000000 | N6: =입력Tab!Q7 -> 48 | S6: 24년 | T6: =주식가치평가!S7 -> 15181 | V6: =주식가치평가!U7 -> 10074.43 | X6: =주식가치평가!W7 -> 570 | AA6: =주식가치평가!Y7 -> 1876 | AC6: =T6-X6 -> 14611 | AE6: =(AA6*3+AA5*2+AA4*1)/6/0.1 -> 18833.333 | AG6: =IF(V6/T6>=0.8,AC6,IF(V6/T6>=0.5,MAX(AC6*0.8,(AE6*2+AC6*3)/5),MAX(AC6*0.8,(AE6*3+AC6*2)/5))) -> 16299.933 | AI6: =AG6*1000000/입력Tab!$K$8 -> 325998.67
R7: 1년 | S7: 25년 | T7: =T6+AA7+V6*입력Tab!$D$15-Z7*100 -> 16875.513 | V7: =주식가치평가!U8 -> 10376.663 | X7: =주식가치평가!W8 -> 587.1 | Z7: =J11 -> 3 | AA7: =주식가치평가!Y8-$G$11 -> 1692.28 | AC7: =T7-X7 -> 16288.413 | AE7: =(AA7*3+AA6*2+AA5*1)/6/0.1 -> 17841.4 | AG7: =IF(V7/T7>=0.8,AC7,IF(V7/T7>=0.5,MAX(AC7*0.8,(AE7*2+AC7*3)/5),MAX(AC7*0.8,(AE7*3+AC7*2)/5))) -> 16909.608 | AI7: =AG7*1000000/입력Tab!$K$8 -> 338192.15
B8: [CEO보장정기 가입 효과] | L8: ="(상속증여세율 "&입력Tab!B11*100&"% 가정)" -> (상속증여세율 50% 가정) | R8: 2년 | S8: 26년 | T8: =T7+AA8+V7*입력Tab!$D$15-Z8*100 -> 18637.061 | V8: =주식가치평가!U9 -> 10687.963 | X8: =주식가치평가!W9 -> 604.713 | Z8: =Z7 -> 3 | AA8: =주식가치평가!Y9-$G$11 -> 1750.2484 | AC8: =T8-X8 -> 18032.348 | AE8: =(AA8*3+AA7*2+AA6*1)/6/0.1 -> 17518.842 | AG8: =IF(V8/T8>=0.8,AC8,IF(V8/T8>=0.5,MAX(AC8*0.8,(AE8*2+AC8*3)/5),MAX(AC8*0.8,(AE8*3+AC8*2)/5))) -> 17826.946 | AI8: =AG8*1000000/입력Tab!$K$8 -> 356538.91
B9: 년도 | D9: 환급률 | F9: 사망 | G9: 손금 | H9: 법인세 | J9: 매년 | K9: 주식가치 변동 | N9: 절세금액 | R9: 3년 | S9: 27년 | T9: =T8+AA9+V8*입력Tab!$D$15-Z9*100 -> 20467.656 | V9: =주식가치평가!U10 -> 11008.602 | X9: =주식가치평가!W10 -> 622.85439 | Z9: =Z8 -> 3 | AA9: =주식가치평가!Y10-$G$11 -> 1809.9559 | AC9: =T9-X9 -> 19844.802 | AE9: =(AA9*3+AA8*2+AA7*1)/6/0.1 -> 17704.407 | AG9: =IF(V9/T9>=0.8,AC9,IF(V9/T9>=0.5,MAX(AC9*0.8,(AE9*2+AC9*3)/5),MAX(AC9*0.8,(AE9*3+AC9*2)/5))) -> 18988.644 | AI9: =AG9*1000000/입력Tab!$K$8 -> 379772.88
F10: 보장 | G10: 산입 | H10: 과세 이연 | J10: 배당금액 | K10: 前 | L10: 後 | M10: 差 | R10: 4년 | S10: 28년 | T10: =T9+AA10+V9*입력Tab!$D$15-Z10*100 -> 22369.369 | V10: =주식가치평가!U11 -> 11338.86 | X10: =주식가치평가!W11 -> 641.54002 | Z10: =Z9 -> 3 | AA10: =주식가치평가!Y11-$G$11 -> 1871.4545 | AC10: =T10-X10 -> 21727.828 | AE10: =(AA10*3+AA9*2+AA8*1)/6/0.1 -> 18307.539 | AG10: =IF(V10/T10>=0.8,AC10,IF(V10/T10>=0.5,MAX(AC10*0.8,(AE10*2+AC10*3)/5),MAX(AC10*0.8,(AE10*3+AC10*2)/5))) -> 20359.713 | AI10: =AG10*1000000/입력Tab!$K$8 -> 407194.26
B11: 25년 | D11: =입력Tab!P9 -> 0.005 | F11: =입력Tab!Q9 -> 3 | G11: =$L$6*12/1000000 -> 240 | H11: =($L$6*12)*IF(입력Tab!$B$10=9.9%,0.099,IF(입력Tab!$B$10=20.9%,0.209,0.231))/10000 -> 5016 | J11: =입력Tab!M9 -> 3 | K11: =주식가치평가!AE8/100 -> 177.23868 | L11: =AG7/100 -> 169.09608 | M11: =K11-L11 -> 8.1426 | N11: =M11*VLOOKUP(입력Tab!$B$11,총괄!$A$32:$B$36,2)+H11/10000 -> 4.5729 | R11: 5년 | S11: 29년 | T11: =T10+AA11+V10*입력Tab!$D$15-Z11*100 -> 24344.332 | V11: =주식가치평가!U12 -> 11679.026 | X11: =주식가치평가!W12 -> 660.78622 | Z11: =Z10 -> 3 | AA11: =주식가치평가!Y12-$G$11 -> 1934.7982 | AC11: =T11-X11 -> 23683.546 | AE11: =(AA11*3+AA10*2+AA9*1)/6/0.1 -> 18928.766 | AG11: =IF(V11/T11>=0.8,AC11,IF(V11/T11>=0.5,MAX(AC11*0.8,(AE11*2+AC11*3)/5),MAX(AC11*0.8,(AE11*3+AC11*2)/5))) -> 20830.678 | AI11: =AG11*1000000/입력Tab!$K$8 -> 416613.56
B12: 26년 | D12: =입력Tab!P10 -> 0.15 | F12: =입력Tab!Q10 -> 3 | G12: =$L$6*12/1000000 -> 240 | H12: =($L$6*12)*IF(입력Tab!$B$10=9.9%,0.099,IF(입력Tab!$B$10=20.9%,0.209,0.231))/10000 -> 5016 | J12: =J11 -> 3 | K12: =주식가치평가!AE9/100 -> 192.95774 | L12: =AG8/100 -> 178.26946 | M12: =K12-L12 -> 14.688278 | N12: =M12*VLOOKUP(입력Tab!$B$11,총괄!$A$32:$B$36,2)+H12/10000 -> 7.845739 | R12: 6년 | S12: 30년 | T12: =T11+AA12+V11*입력Tab!$D$15-Z12*100 -> 26394.745 | V12: =주식가치평가!U13 -> 12029.396 | X12: =주식가치평가!W13 -> 680.60981 | Z12: =Z11 -> 3 | AA12: =주식가치평가!Y13-$G$11 -> 2000.0421 | AC12: =T12-X12 -> 25714.136 | AE12: =(AA12*3+AA11*2+AA10*1)/6/0.1 -> 19568.629 | AG12: =IF(V12/T12>=0.8,AC12,IF(V12/T12>=0.5,MAX(AC12*0.8,(AE12*2+AC12*3)/5),MAX(AC12*0.8,(AE12*3+AC12*2)/5))) -> 22026.831 | AI12: =AG12*1000000/입력Tab!$K$8 -> 440536.63
B13: 27년 | D13: =입력Tab!P11 -> 0.25 | F13: =입력Tab!Q11 -> 3 | G13: =$L$6*12/1000000 -> 240 | H13: =($L$6*12)*IF(입력Tab!$B$10=9.9%,0.099,IF(입력Tab!$B$10=20.9%,0.209,0.231))/10000 -> 5016 | J13: =J12 -> 3 | K13: =주식가치평가!AE10/100 -> 206.69707 | L13: =AG9/100 -> 189.88644 | M13: =K13-L13 -> 16.810629 | N13: =M13*VLOOKUP(입력Tab!$B$11,총괄!$A$32:$B$36,2)+H13/10000 -> 8.9069145 | R13: 7년 | S13: 31년 | T13: =T12+AA13+V12*입력Tab!$D$15-Z13*100 -> 28522.871 | V13: =주식가치평가!U14 -> 12390.278 | X13: =주식가치평가!W14 -> 701.0281 | Z13: =Z12 -> 3 | AA13: =주식가치평가!Y14-$G$11 -> 2067.2434 | AC13: =T13-X13 -> 27821.842 | AE13: =(AA13*3+AA12*2+AA11*1)/6/0.1 -> 20227.687 | AG13: =IF(V13/T13>=0.8,AC13,IF(V13/T13>=0.5,MAX(AC13*0.8,(AE13*2+AC13*3)/5),MAX(AC13*0.8,(AE13*3+AC13*2)/5))) -> 23265.349 | AI13: =AG13*1000000/입력Tab!$K$8 -> 465306.99
B14: 28년 | D14: =입력Tab!P12 -> 0.35 | F14: =입력Tab!Q12 -> 3 | G14: =$L$6*12/1000000 -> 240 | H14: =($L$6*12)*IF(입력Tab!$B$10=9.9%,0.099,IF(입력Tab!$B$10=20.9%,0.209,0.231))/10000 -> 5016 | J14: =J13 -> 3 | K14: =주식가치평가!AE11/100 -> 220.08271 | L14: =AG10/100 -> 203.59713 | M14: =K14-L14 -> 16.485582 | N14: =M14*VLOOKUP(입력Tab!$B$11,총괄!$A$32:$B$36,2)+H14/10000 -> 8.744391 | R14: 8년 | S14: 32년 | T14: =T13+AA14+V13*입력Tab!$D$15-Z14*100 -> 30731.04 | V14: =주식가치평가!U15 -> 12761.987 | X14: =주식가치평가!W15 -> 722.05895 | Z14: =Z13 -> 3 | AA14: =주식가치평가!Y15-$G$11 -> 2136.4607 | AC14: =T14-X14 -> 30008.981 | AE14: =(AA14*3+AA13*2+AA12*1)/6/0.1 -> 20906.518 | AG14: =IF(V14/T14>=0.8,AC14,IF(V14/T14>=0.5,MAX(AC14*0.8,(AE14*2+AC14*3)/5),MAX(AC14*0.8,(AE14*3+AC14*2)/5))) -> 24547.503 | AI14: =AG14*1000000/입력Tab!$K$8 -> 490950.06
B15: 29년 | D15: =입력Tab!P13 -> 0.7 | F15: =입력Tab!Q13 -> 3 | G15: =$L$6*12/1000000 -> 240 | H15: =($L$6*12)*IF(입력Tab!$B$10=9.9%,0.099,IF(입력Tab!$B$10=20.9%,0.209,0.231))/10000 -> 5016 | J15: =J14 -> 3 | K15: =주식가치평가!AE12/100 -> 233.86992 | L15: =AG11/100 -> 208.30678 | M15: =K15-L15 -> 25.563145 | N15: =M15*VLOOKUP(입력Tab!$B$11,총괄!$A$32:$B$36,2)+H15/10000 -> 13.283172 | R15: 9년 | S15: 33년 | T15: =T14+AA15+V14*입력Tab!$D$15-Z15*100 -> 33021.654 | V15: =주식가치평가!U16 -> 13144.846 | X15: =주식가치평가!W16 -> 743.72071 | Z15: =Z14 -> 3 | AA15: =주식가치평가!Y16-$G$11 -> 2207.7545 | AC15: =T15-X15 -> 32277.933 | AE15: =(AA15*3+AA14*2+AA13*1)/6/0.1 -> 21605.714 | AG15: =IF(V15/T15>=0.8,AC15,IF(V15/T15>=0.5,MAX(AC15*0.8,(AE15*2+AC15*3)/5),MAX(AC15*0.8,(AE15*3+AC15*2)/5))) -> 25874.601 | AI15: =AG15*1000000/입력Tab!$K$8 -> 517492.03
B16: 30년 | D16: =입력Tab!P14 -> 0.75 | F16: =입력Tab!Q14 -> 3 | G16: =$L$6*12/1000000 -> 240 | H16: =($L$6*12)*IF(입력Tab!$B$10=9.9%,0.099,IF(입력Tab!$B$10=20.9%,0.209,0.231))/10000 -> 5016 | J16: =J15 -> 3 | K16: =주식가치평가!AE13/100 -> 248.07075 | L16: =AG12/100 -> 220.26831 | M16: =K16-L16 -> 27.802439 | N16: =M16*VLOOKUP(입력Tab!$B$11,총괄!$A$32:$B$36,2)+H16/10000 -> 14.40282 | R16: 10년 | S16: 34년 | T16: =T15+AA16+V15*입력Tab!$D$15-Z16*100 -> 35397.186 | V16: =주식가치평가!U17 -> 13539.191 | X16: =주식가치평가!W17 -> 766.03234 | Z16: =Z15 -> 3 | AA16: =주식가치평가!Y17-$G$11 -> 2281.1871 | AC16: =T16-X16 -> 34631.154 | AE16: =(AA16*3+AA15*2+AA14*1)/6/0.1 -> 22325.885 | AG16: =IF(V16/T16>=0.8,AC16,IF(V16/T16>=0.5,MAX(AC16*0.8,(AE16*2+AC16*3)/5),MAX(AC16*0.8,(AE16*3+AC16*2)/5))) -> 27704.923 | AI16: =AG16*1000000/입력Tab!$K$8 -> 554098.46
B17: 31년 | D17: =입력Tab!P15 -> 0.8 | F17: =입력Tab!Q15 -> 3 | G17: =$L$6*12/1000000 -> 240 | H17: =($L$6*12)*IF(입력Tab!$B$10=9.9%,0.099,IF(입력Tab!$B$10=20.9%,0.209,0.231))/10000 -> 5016 | J17: =J16 -> 3 | K17: =주식가치평가!AE14/100 -> 262.69761 | L17: =AG13/100 -> 232.65349 | M17: =K17-L17 -> 30.044112 | N17: =M17*VLOOKUP(입력Tab!$B$11,총괄!$A$32:$B$36,2)+H17/10000 -> 15.523656 | R17: 11년 | S17: 35년 | T17: =T16+AA17+V16*입력Tab!$D$15-Z17*100 -> 37860.185 | V17: =주식가치평가!U18 -> 13945.367 | X17: =주식가치평가!W18 -> 789.01331 | Z17: =Z16 -> 3 | AA17: =주식가치평가!Y18-$G$11 -> 2356.8227 | AC17: =T17-X17 -> 37071.171 | AE17: =(AA17*3+AA16*2+AA15*1)/6/0.1 -> 23067.662 | AG17: =IF(V17/T17>=0.8,AC17,IF(V17/T17>=0.5,MAX(AC17*0.8,(AE17*2+AC17*3)/5),MAX(AC17*0.8,(AE17*3+AC17*2)/5))) -> 29656.937 | AI17: =AG17*1000000/입력Tab!$K$8 -> 593138.74
B18: 32년 | D18: =입력Tab!P16 -> 0.75 | F18: =입력Tab!Q16 -> 3 | G18: =$L$6*12/1000000 -> 240 | H18: =($L$6*12)*IF(입력Tab!$B$10=9.9%,0.099,IF(입력Tab!$B$10=20.9%,0.209,0.231))/10000 -> 5016 | J18: =J17 -> 3 | K18: =주식가치평가!AE15/100 -> 277.76327 | L18: =AG14/100 -> 245.47503 | M18: =K18-L18 -> 32.288236 | N18: =M18*VLOOKUP(입력Tab!$B$11,총괄!$A$32:$B$36,2)+H18/10000 -> 16.645718 | R18: 12년 | S18: 36년 | T18: =T17+AA18+V17*입력Tab!$D$15-Z18*100 -> 40413.273 | V18: =주식가치평가!U19 -> 14363.728 | X18: =주식가치평가!W19 -> 812.68371 | Z18: =Z17 -> 3 | AA18: =주식가치평가!Y19-$G$11 -> 2434.7274 | AC18: =T18-X18 -> 39600.589 | AE18: =(AA18*3+AA17*2+AA16*1)/6/0.1 -> 23831.691 | AG18: =IF(V18/T18>=0.8,AC18,IF(V18/T18>=0.5,MAX(AC18*0.8,(AE18*2+AC18*3)/5),MAX(AC18*0.8,(AE18*3+AC18*2)/5))) -> 31680.472 | AI18: =AG18*1000000/입력Tab!$K$8 -> 633609.43
B19: 33년 | D19: =입력Tab!P17 -> 0.87 | F19: =입력Tab!Q17 -> 3 | G19: =$L$6*12/1000000 -> 240 | H19: =($L$6*12)*IF(입력Tab!$B$10=9.9%,0.099,IF(입력Tab!$B$10=20.9%,0.209,0.231))/10000 -> 5016 | J19: =J18 -> 3 | K19: =주식가치평가!AE16/100 -> 298.49323 | L19: =AG15/100 -> 258.74601 | M19: =K19-L19 -> 39.747216 | N19: =M19*VLOOKUP(입력Tab!$B$11,총괄!$A$32:$B$36,2)+H19/10000 -> 20.375208 | R19: 13년 | S19: 37년 | T19: =T18+AA19+V18*입력Tab!$D$15-Z19*100 -> 43059.154 | V19: =주식가치평가!U20 -> 14794.64 | X19: =주식가치평가!W20 -> 837.06422 | Z19: =Z18 -> 3 | AA19: =주식가치평가!Y20-$G$11 -> 2514.9692 | AC19: =T19-X19 -> 42222.09 | AE19: =(AA19*3+AA18*2+AA17*1)/6/0.1 -> 24618.642 | AG19: =IF(V19/T19>=0.8,AC19,IF(V19/T19>=0.5,MAX(AC19*0.8,(AE19*2+AC19*3)/5),MAX(AC19*0.8,(AE19*3+AC19*2)/5))) -> 33777.672 | AI19: =AG19*1000000/입력Tab!$K$8 -> 675553.44
B20: 34년 | D20: =입력Tab!P18 -> 0.88 | F20: =입력Tab!Q18 -> 3 | G20: =$L$6*12/1000000 -> 240 | H20: =($L$6*12)*IF(입력Tab!$B$10=9.9%,0.099,IF(입력Tab!$B$10=20.9%,0.209,0.231))/10000 -> 5016 | J20: =J19 -> 3 | K20: =주식가치평가!AE17/100 -> 321.81749 | L20: =AG16/100 -> 277.04923 | M20: =K20-L20 -> 44.768259 | N20: =M20*VLOOKUP(입력Tab!$B$11,총괄!$A$32:$B$36,2)+H20/10000 -> 22.885729 | R20: 14년 | S20: 38년 | T20: =T19+AA20+V19*입력Tab!$D$15-Z20*100 -> 45800.612 | V20: =주식가치평가!U21 -> 15238.479 | X20: =주식가치평가!W21 -> 862.17614 | Z20: =Z19 -> 3 | AA20: =주식가치평가!Y21-$G$11 -> 2597.6183 | AC20: =T20-X20 -> 44938.436 | AE20: =(AA20*3+AA19*2+AA18*1)/6/0.1 -> 25429.201 | AG20: =IF(V20/T20>=0.8,AC20,IF(V20/T20>=0.5,MAX(AC20*0.8,(AE20*2+AC20*3)/5),MAX(AC20*0.8,(AE20*3+AC20*2)/5))) -> 35950.748 | AI20: =AG20*1000000/입력Tab!$K$8 -> 719014.97
B21: 39년 | D21: =입력Tab!P19 -> 0.87 | F21: =입력Tab!Q19 -> 4.5 | G21: =$L$6*12/1000000 -> 240 | H21: =($L$6*12)*IF(입력Tab!$B$10=9.9%,0.099,IF(입력Tab!$B$10=20.9%,0.209,0.231))/10000 -> 5016 | J21: =J20 -> 3 | K21: =주식가치평가!AE22/100 -> 449.3641 | L21: =AG21/100 -> 382.01977 | M21: =K21-L21 -> 67.344331 | N21: =M21*VLOOKUP(입력Tab!$B$11,총괄!$A$32:$B$36,2)+H21/10000 -> 34.173766 | R21: 15년 | S21: 39년 | T21: =T20+AA21+V20*입력Tab!$D$15-Z21*100 -> 48640.513 | V21: =주식가치평가!U22 -> 15695.634 | X21: =주식가치평가!W22 -> 888.04143 | Z21: =Z20 -> 3 | AA21: =주식가치평가!Y22-$G$11 -> 2682.7469 | AC21: =T21-X21 -> 47752.472 | AE21: =(AA21*3+AA20*2+AA19*1)/6/0.1 -> 26264.078 | AG21: =IF(V21/T21>=0.8,AC21,IF(V21/T21>=0.5,MAX(AC21*0.8,(AE21*2+AC21*3)/5),MAX(AC21*0.8,(AE21*3+AC21*2)/5))) -> 38201.977 | AI21: =AG21*1000000/입력Tab!$K$8 -> 764039.55
B22: 44년 | D22: =입력Tab!P20 -> 0.87 | F22: =입력Tab!Q20 -> 6 | G22: =$L$6*12/1000000 -> 240 | H22: =($L$6*12)*IF(입력Tab!$B$10=9.9%,0.099,IF(입력Tab!$B$10=20.9%,0.209,0.231))/10000 -> 5016 | J22: =J21 -> 3 | K22: =주식가치평가!AE27/100 -> 597.22559 | L22: =AG26/100 -> 510.1598 | M22: =K22-L22 -> 87.065787 | N22: =M22*VLOOKUP(입력Tab!$B$11,총괄!$A$32:$B$36,2)+H22/10000 -> 44.034493 | R22: 16년 | S22: 40년 | T22: =T21+AA22+V21*입력Tab!$D$15-Z22*100 -> 51581.811 | V22: =주식가치평가!U23 -> 16166.503 | X22: =주식가치평가!W23 -> 914.68267 | Z22: =Z21 -> 3 | AA22: =주식가치평가!Y23-$G$11 -> 2770.4293 | AC22: =T22-X22 -> 50667.129 | AE22: =(AA22*3+AA21*2+AA20*1)/6/0.1 -> 27124 | AG22: =IF(V22/T22>=0.8,AC22,IF(V22/T22>=0.5,MAX(AC22*0.8,(AE22*2+AC22*3)/5),MAX(AC22*0.8,(AE22*3+AC22*2)/5))) -> 40533.703 | AI22: =AG22*1000000/입력Tab!$K$8 -> 810674.06
B23: 49년 | D23: =입력Tab!P21 -> 0.87 | F23: =입력Tab!Q21 -> 7.5 | G23: =$L$6*12/1000000 -> 240 | H23: =($L$6*12)*IF(입력Tab!$B$10=9.9%,0.099,IF(입력Tab!$B$10=20.9%,0.209,0.231))/10000 -> 5016 | J23: =J22 -> 3 | K23: =주식가치평가!AE32/100 -> 768.63757 | L23: =AG31/100 -> 669.01913 | M23: =K23-L23 -> 99.618443 | N23: =M23*VLOOKUP(입력Tab!$B$11,총괄!$A$32:$B$36,2)+H23/10000 -> 50.310822 | R23: 17년 | S23: 41년 | T23: =T22+AA23+V22*입력Tab!$D$15-Z23*100 -> 54627.549 | V23: =주식가치평가!U24 -> 16651.498 | X23: =주식가치평가!W24 -> 942.12315 | Z23: =Z22 -> 3 | AA23: =주식가치평가!Y24-$G$11 -> 2860.7422 | AC23: =T23-X23 -> 53685.425 | AE23: =(AA23*3+AA22*2+AA21*1)/6/0.1 -> 28009.72 | AG23: =IF(V23/T23>=0.8,AC23,IF(V23/T23>=0.5,MAX(AC23*0.8,(AE23*2+AC23*3)/5),MAX(AC23*0.8,(AE23*3+AC23*2)/5))) -> 42948.34 | AI23: =AG23*1000000/입력Tab!$K$8 -> 858966.81
R24: 18년 | S24: 42년 | T24: =T23+AA24+V23*입력Tab!$D$15-Z24*100 -> 57780.858 | V24: =주식가치평가!U25 -> 17151.043 | X24: =주식가치평가!W25 -> 970.38684 | Z24: =Z23 -> 3 | AA24: =주식가치평가!Y25-$G$11 -> 2953.7644 | AC24: =T24-X24 -> 56810.471 | AE24: =(AA24*3+AA23*2+AA22*1)/6/0.1 -> 28922.011 | AG24: =IF(V24/T24>=0.8,AC24,IF(V24/T24>=0.5,MAX(AC24*0.8,(AE24*2+AC24*3)/5),MAX(AC24*0.8,(AE24*3+AC24*2)/5))) -> 45448.377 | AI24: =AG24*1000000/입력Tab!$K$8 -> 908967.54
R25: 19년 | S25: 43년 | T25: =T24+AA25+V24*입력Tab!$D$15-Z25*100 -> 61245.302 | V25: =주식가치평가!U28 -> 18741.407 | X25: =주식가치평가!W28 -> 1060.3679 | Z25: =Z24 -> 3 | AA25: =주식가치평가!Y28-$G$11 -> 3249.9126 | AC25: =T25-X25 -> 60184.934 | AE25: =(AA25*3+AA24*2+AA23*1)/6/0.1 -> 30863.348 | AG25: =IF(V25/T25>=0.8,AC25,IF(V25/T25>=0.5,MAX(AC25*0.8,(AE25*2+AC25*3)/5),MAX(AC25*0.8,(AE25*3+AC25*2)/5))) -> 48147.947 | AI25: =AG25*1000000/입력Tab!$K$8 -> 962958.94
B26: ※ 보험계약 대출 : 가입 후 10년 이내 및 피보험자 75세 미만인 경우, 해지환급금의 70% 이내 가능, 대출 이자율(공시이율 + 1.5%) | R26: 20년 | S26: 44년 | T26: =T25+AA26+V25*입력Tab!$D$15-Z26*100 -> 64862.154 | V26: =주식가치평가!U29 -> 19303.65 | X26: =주식가치평가!W29 -> 1092.1789 | Z26: =Z25 -> 3 | AA26: =주식가치평가!Y29-$G$11 -> 3354.61 | AC26: =T26-X26 -> 63769.975 | AE26: =(AA26*3+AA25*2+AA24*1)/6/0.1 -> 32529.033 | AG26: =IF(V26/T26>=0.8,AC26,IF(V26/T26>=0.5,MAX(AC26*0.8,(AE26*2+AC26*3)/5),MAX(AC26*0.8,(AE26*3+AC26*2)/5))) -> 51015.98 | AI26: =AG26*1000000/입력Tab!$K$8 -> 1020319.6
B27: ※ 적립전환 : 보장형 계약의 일부 또는 전부를 적립형 계약으로 전환 하는 기능, 가입 7년 이후 가능, 전환 신청 당시 적립액 500만↑일 때 가능 | R27: 21년 | S27: 45년 | T27: =T26+AA27+V26*입력Tab!$D$15-Z27*100 -> 68603.712 | V27: =주식가치평가!U30 -> 19882.759 | X27: =주식가치평가!W30 -> 1124.9443 | Z27: =Z26 -> 3 | AA27: =주식가치평가!Y30-$G$11 -> 3462.4483 | AC27: =T27-X27 -> 67478.767 | AE27: =(AA27*3+AA26*2+AA25*1)/6/0.1 -> 33910.796 | AG27: =IF(V27/T27>=0.8,AC27,IF(V27/T27>=0.5,MAX(AC27*0.8,(AE27*2+AC27*3)/5),MAX(AC27*0.8,(AE27*3+AC27*2)/5))) -> 53983.014 | AI27: =AG27*1000000/입력Tab!$K$8 -> 1079660.3
A28: ※ 본 자료는 고객님의 이해를 돕기 위해 만든 자료로 상품의 세부 내용은 상품설명서를 참고 하시고, 주식 가치 평가는 세무 전문가를 통해 상담하십시요. | R28: 22년 | S28: 46년 | T28: =T27+AA28+V27*입력Tab!$D$15-Z28*100 -> 72473.716 | V28: =주식가치평가!U31 -> 20479.242 | X28: =주식가치평가!W31 -> 1158.6926 | Z28: =Z27 -> 3 | AA28: =주식가치평가!Y31-$G$11 -> 3573.5217 | AC28: =T28-X28 -> 71315.024 | AE28: =(AA28*3+AA27*2+AA26*1)/6/0.1 -> 35000.12 | AG28: =IF(V28/T28>=0.8,AC28,IF(V28/T28>=0.5,MAX(AC28*0.8,(AE28*2+AC28*3)/5),MAX(AC28*0.8,(AE28*3+AC28*2)/5))) -> 57052.019 | AI28: =AG28*1000000/입력Tab!$K$8 -> 1141040.4
R29: 23년 | S29: 47년 | T29: =T28+AA29+V28*입력Tab!$D$15-Z29*100 -> 76476.021 | V29: =주식가치평가!U32 -> 21093.619 | X29: =주식가치평가!W32 -> 1193.4534 | Z29: =Z28 -> 3 | AA29: =주식가치평가!Y32-$G$11 -> 3687.9274 | AC29: =T29-X29 -> 75282.568 | AE29: =(AA29*3+AA28*2+AA27*1)/6/0.1 -> 36122.123 | AG29: =IF(V29/T29>=0.8,AC29,IF(V29/T29>=0.5,MAX(AC29*0.8,(AE29*2+AC29*3)/5),MAX(AC29*0.8,(AE29*3+AC29*2)/5))) -> 60226.054 | AI29: =AG29*1000000/입력Tab!$K$8 -> 1204521.1
R30: 24년 | S30: 48년 | T30: =T29+AA30+V29*입력Tab!$D$15-Z30*100 -> 80614.595 | V30: =주식가치평가!U33 -> 21726.428 | X30: =주식가치평가!W33 -> 1229.257 | Z30: =Z29 -> 3 | AA30: =주식가치평가!Y33-$G$11 -> 3805.7652 | AC30: =T30-X30 -> 79385.338 | AE30: =(AA30*3+AA29*2+AA28*1)/6/0.1 -> 37277.787 | AG30: =IF(V30/T30>=0.8,AC30,IF(V30/T30>=0.5,MAX(AC30*0.8,(AE30*2+AC30*3)/5),MAX(AC30*0.8,(AE30*3+AC30*2)/5))) -> 63508.27 | AI30: =AG30*1000000/입력Tab!$K$8 -> 1270165.4
R31: 25년 | S31: 49년 | T31: =T30+AA31+V30*입력Tab!$D$15-Z31*100 -> 84893.526 | V31: =주식가치평가!U34 -> 22378.221 | X31: =주식가치평가!W34 -> 1266.1347 | Z31: =Z30 -> 3 | AA31: =주식가치평가!Y34-$G$11 -> 3927.1382 | AC31: =T31-X31 -> 83627.391 | AE31: =(AA31*3+AA30*2+AA29*1)/6/0.1 -> 38468.121 | AG31: =IF(V31/T31>=0.8,AC31,IF(V31/T31>=0.5,MAX(AC31*0.8,(AE31*2+AC31*3)/5),MAX(AC31*0.8,(AE31*3+AC31*2)/5))) -> 66901.913 | AI31: =AG31*1000000/입력Tab!$K$8 -> 1338038.3
A32: 0.1 | B32: 0.1 | R32: 26년 | S32: 50년 | T32: =T31+AA32+V31*입력Tab!$D$15-Z32*100 -> 89317.025 | V32: =주식가치평가!U35 -> 23049.567 | X32: =주식가치평가!W35 -> 1304.1188 | Z32: =Z31 -> 3 | AA32: =주식가치평가!Y35-$G$11 -> 4052.1523 | AC32: =T32-X32 -> 88012.906 | AE32: =(AA32*3+AA31*2+AA30*1)/6/0.1 -> 39694.164 | AG32: =IF(V32/T32>=0.8,AC32,IF(V32/T32>=0.5,MAX(AC32*0.8,(AE32*2+AC32*3)/5),MAX(AC32*0.8,(AE32*3+AC32*2)/5))) -> 70410.325 | AI32: =AG32*1000000/입력Tab!$K$8 -> 1408206.5
A33: 0.2 | B33: 0.2
A34: 0.3 | B34: 0.3
A35: 0.4 | B35: 0.4
A36: 0.5 | B36: 0.5
